"Kode Hardware","Nama Hardware",Merk,Model,"Serial Number",Spesifikasi,Kategori,Status,"Tanggal Pembelian","Harga Pembelian",Lokasi,"PIC Pengguna",Divisi,Keterangan,"Tanggal Garansi Mulai","Tanggal Garansi Selesai",Vendor,"No Invoice","Created By","Created At"
HW001,"ACC NUC-01",Intel,,G6AY85100L04,"NUC Kit NUC6CAYH
4GB RAM",Komputer,Aktif,2018-01-01,"Rp 0",Accounting,,IT,,2018-01-01,2018-01-01,,,tiar,"2025-09-10 11:41:35"
HW002,"ACC MON-01",LG,,,"20M39H 19.5"" HDMI",Komputer,Aktif,2018-01-01,"Rp 0",Accounting,,Admin,,2018-01-01,2018-01-01,,,tiar,"2025-09-10 11:41:35"
HW003,"ACC KEY-01",Logitech,,,MK120,Komputer,Aktif,2018-01-01,"Rp 0",Accounting,,"Finance - Accounting",,2018-01-01,2018-01-01,,,tiar,"2025-09-10 11:41:35"
HW004,"ACC MOU-01",Logitech,,,MK120,Others,Aktif,2018-01-01,"Rp 0",Accounting,,"Finance - Accounting",,2018-01-01,2018-01-01,,,tiar,"2025-09-10 11:41:35"
HW005,"ACC NUC-02",Intel,,G6AY80400BM4,"NUC Kit NUC6CAYH
4GB RAM",Komputer,Aktif,2018-01-01,"Rp 0",Accounting,,"Finance - Accounting",,2018-01-01,2018-01-01,,,tiar,"2025-09-10 11:41:35"
HW006,"ACC MON-02",LG,,,"20M39H 19.5"" HDMI",Monitor,Aktif,2018-01-01,"Rp 0",Accounting,,"Finance - Accounting",,2018-01-01,2018-01-01,,,tiar,"2025-09-10 11:41:35"
HW007,"ACC KEY-02",Logitech,,,MK120,Komputer,Aktif,2018-01-01,"Rp 0",Accounting,,"Finance - Accounting",,2018-01-01,2018-01-01,,,tiar,"2025-09-10 11:41:35"
HW008,"ACC MOU-02",Logitech,,,MK120,Others,Aktif,2018-01-01,"Rp 0",Accounting,,"Finance - Accounting",,2018-01-01,2018-01-01,,,tiar,"2025-09-10 11:41:35"
HW009,"ACC NUC-03",Intel,,G6AY84800CZ5,"NUC Kit NUC6CAYH
4GB RAM",Komputer,Aktif,2018-01-01,"Rp 0",Accounting,,"Finance - Accounting",,2018-01-01,2018-01-01,,,tiar,"2025-09-10 11:41:35"
HW010,"ACC MON-03",Samsung,,,"409.8(H) x 230.4(V) HDMI",Monitor,Aktif,2018-01-01,"Rp 0",Accounting,,"Finance - Accounting",,2018-01-01,2018-01-01,,,tiar,"2025-09-10 11:41:35"
HW011,"ACC KEY-03",Logitech,,,MK120,Komputer,Aktif,2018-01-01,"Rp 0",Accounting,,"Finance - Accounting",,2018-01-01,2018-01-01,,,tiar,"2025-09-10 11:41:35"
HW012,"ACC MOU-03",Logitech,,,MK120,Others,Aktif,2018-01-01,"Rp 0",Accounting,,"Finance - Accounting",,2018-01-01,2018-01-01,,,tiar,"2025-09-10 11:41:35"
HW013,"ACC NUC-04",Intel,,G6AY81800KL5,"NUC Kit NUC6CAYH
4GB RAM",Komputer,Aktif,2018-01-01,"Rp 0",Accounting,,"Finance - Accounting",,2018-01-01,2018-01-01,,,tiar,"2025-09-10 11:41:35"
HW014,"ACC MON-04",LG,,,"20M39H 19.5"" HDMI",Monitor,Aktif,2018-01-01,"Rp 0",Accounting,,"Finance - Accounting",,2018-01-01,2018-01-01,,,tiar,"2025-09-10 11:41:35"
HW015,"ACC KEY-04",Logitech,,,MK120,Komputer,Aktif,2018-01-01,"Rp 0",Accounting,,"Finance - Accounting",,2018-01-01,2018-01-01,,,tiar,"2025-09-10 11:41:35"
HW016,"ACC MOU-04",Logitech,,,MK120,Others,Aktif,2018-01-01,"Rp 0",Accounting,,"Finance - Accounting",,2018-01-01,2018-01-01,,,tiar,"2025-09-10 11:41:35"
HW017,"ACC NUC-05",Intel,,G6AY82400ZT5,"NUC Kit NUC6CAYH
4GB RAM",Komputer,Aktif,2019-01-01,"Rp 0",Accounting,,"Finance - Accounting",,2019-01-01,2019-01-01,,,tiar,"2025-09-10 11:41:35"
HW018,"ACC MON-05",LG,,,"20M39H 19.5"" HDMI",Monitor,Aktif,2018-01-01,"Rp 0",Accounting,,"Finance - Accounting",,2018-01-01,2018-01-01,,,tiar,"2025-09-10 11:41:35"
HW019,"ACC KEY-05",Logitech,,,MK120,Komputer,Aktif,2018-01-01,"Rp 0",Accounting,,"Finance - Accounting",,2018-01-01,2018-01-01,,,tiar,"2025-09-10 11:41:35"
HW020,"ACC MOU-05",Logitech,,,MK120,Others,Aktif,2018-01-01,"Rp 0",Accounting,,"Finance - Accounting",,2018-01-01,2018-01-01,,,tiar,"2025-09-10 11:41:35"
HW021,"ACC NUC-06",Intel,,,,Komputer,Aktif,2018-01-01,"Rp 0",Accounting,,"Finance - Accounting",,2018-01-01,2018-01-01,,,tiar,"2025-09-10 11:41:36"
HW022,"ACC NUC-07",Intel,,,,Komputer,Aktif,2018-01-01,"Rp 0",Accounting,,"Finance - Accounting",,2018-01-01,2018-01-01,,,tiar,"2025-09-10 11:41:36"
HW023,"ACC NUC-08",Intel,,,,Komputer,Aktif,2018-01-01,"Rp 0",Accounting,,"Finance - Accounting",,2018-01-01,2018-01-01,,,tiar,"2025-09-10 11:41:36"
HW024,"ACC NUC-09",Intel,,,,Komputer,Aktif,2018-01-01,"Rp 0",Accounting,,"Finance - Accounting",,2018-01-01,2018-01-01,,,tiar,"2025-09-10 11:41:36"
HW025,"ACC SBY 01 LAPTOP",Lenovo,,MP17FD4M,"Ideapad 110-14ISK",Laptop,Aktif,2018-01-01,"Rp 0",Accounting,,"Finance - Accounting",,2018-01-01,2018-01-01,,,tiar,"2025-09-10 11:41:36"
HW026,"ACC LA 01 PRINTER",Epson,,X5EM014617,L3150,Printer,Aktif,2019-01-01,"Rp 0",Accounting,,"Finance - Accounting",,2019-01-01,2019-01-01,,,tiar,"2025-09-10 11:41:36"
HW027,"ACC TEL-01",Panasonic,,7KCKJ045782,KX-TS505MX,Others,Aktif,2019-01-01,"Rp 0",Accounting,,"Finance - Accounting",,2019-01-01,2019-01-01,,,tiar,"2025-09-10 11:41:36"
HW028,"ACC TEL-02",Panasonic,,7KCKJ043121,KX-TS505MX,Others,Aktif,2019-01-01,"Rp 0",Accounting,,"Finance - Accounting",,2019-01-01,2019-01-01,,,tiar,"2025-09-10 11:41:36"
HW029,"ACC SBY 02 LAPTOP",HP,,SCD8051WYZ,"AMD Dual-Core A6-9220 APU
RAM : 4 GB DDR4
Display: 14""",Laptop,Aktif,2018-01-01,"Rp 0",Accounting,,"Finance - Accounting",,2018-01-01,2018-01-01,,,tiar,"2025-09-10 11:41:36"
HW030,"ACC SBY 03 LAPTOP",HP,,5CD8096LYN,"Model
14-bs722TU",Laptop,Aktif,2018-01-01,"Rp 0",Accounting,,"Finance - Accounting",,2018-01-01,2018-01-01,,,tiar,"2025-09-10 11:41:36"
HW031,"CCTV LA - CAM 225_Afalan",HIK,,,,Others,Aktif,2019-01-01,"Rp 0","G. Afalan",,IT,,2019-01-01,2019-01-01,,,tiar,"2025-09-10 11:41:36"
HW032,"CCTV LA - CAM 226_Boiler",HIK,,,,Others,Aktif,2019-01-01,"Rp 0","G. Boiler",,IT,,2019-01-01,2019-01-01,,,tiar,"2025-09-10 11:41:36"
HW033,"DIR TEL-01",Panasonic,,7IBKI994888,KX-TS505MX,Others,Aktif,2019-01-01,"Rp 0","R. Direktur",,Direktur,,2019-01-01,2019-01-01,,,tiar,"2025-09-10 11:41:36"
HW034,"DIR LA 01 NUC",Intel,,G8BN71100FYL,"NUC Kit NUC6CAYH
4GB RAM 128GB SSD",Komputer,Aktif,2019-01-01,"Rp 0","R. Direktur",,Direktur,,2019-01-01,2019-01-01,,,tiar,"2025-09-10 11:41:36"
HW035,"DIR LA 01 PRINTER INKJET",Epson,,X5DX043090,L3110,Printer,Aktif,2019-01-01,"Rp 0","R. Direktur",,Direktur,,2019-01-01,2019-01-01,,,tiar,"2025-09-10 11:41:36"
HW036,"DIR TEL-02",Panasonic,,7IBKI998355,KX-TS505MX,Others,Aktif,2019-01-01,"Rp 0","R. Direktur",,Direktur,,2019-01-01,2019-01-01,,,tiar,"2025-09-10 11:41:36"
HW037,"DIR LA 01 PRINTER LaserJet",HP,,CNG9C1C0HQ,"M1212nf MFP",Printer,Aktif,2018-01-01,"Rp 0","R. Direktur",,Direktur,,2018-01-01,2018-01-01,,,tiar,"2025-09-10 11:41:36"
HW038,"MT LA 01 TV LCD",LG,,811INLV2P696,,Monitor,Aktif,2019-01-01,"Rp 0","R. Meeting",,HRD,,2019-01-01,2019-01-01,,,tiar,"2025-09-10 11:41:36"
HW039,"DIRUT SBY 01 PRINTER INKJET",Epson,,X5DX079893,L3110,Printer,Aktif,2019-01-01,"Rp 0","R. Direktur",,Direktur,,2019-01-01,2019-01-01,,,tiar,"2025-09-10 11:41:36"
HW040,"SEC LA 01 SOFTWARE CCTV",IVMS,,,,Others,Retired,2019-01-01,"Rp 0","R. Security",,IT,,2019-01-01,2019-01-01,,,tiar,"2025-09-10 11:41:36"
HW041,"HRD NUC-01",Intel,,,"NUC Kit NUC6CAYH
4GB RAM 128GB SSD",Komputer,Aktif,2018-01-01,"Rp 0","R. HRD/GA",,HRD,,2018-01-01,2018-01-01,,,tiar,"2025-09-10 11:41:36"
HW042,"HRD MON-01",LG,,,"20M39H 19.5"" HDMI",Monitor,Aktif,2018-01-01,"Rp 0","R. HRD/GA",,HRD,,2018-01-01,2018-01-01,,,tiar,"2025-09-10 11:41:36"
HW043,"HRD KEY-01",Logitech,,,MK120,Komputer,Aktif,2018-01-01,"Rp 0","R. HRD/GA",,HRD,,2018-01-01,2018-01-01,,,tiar,"2025-09-10 11:41:36"
HW044,"HRD MOU-01",Logitech,,,MK120,Others,Aktif,2018-01-01,"Rp 0","R. HRD/GA",,HRD,,2018-01-01,2018-01-01,,,tiar,"2025-09-10 11:41:36"
HW045,"HRD NUC-02",Intel,,G6AY80400BM4,"NUC Kit NUC6CAYH
4GB RAM",Komputer,Aktif,2018-01-01,"Rp 0","R. HRD/GA",,HRD,,2018-01-01,2018-01-01,,,tiar,"2025-09-10 11:41:36"
HW046,"HRD MON-02",LG,,,"20M39H 19.5"" HDMI",Monitor,Aktif,2018-01-01,"Rp 0","R. HRD/GA",,HRD,,2018-01-01,2018-01-01,,,tiar,"2025-09-10 11:41:37"
HW047,"HRD KEY-02",Logitech,,,MK120,Komputer,Aktif,2018-01-01,"Rp 0","R. HRD/GA",,HRD,,2018-01-01,2018-01-01,,,tiar,"2025-09-10 11:41:37"
HW048,"HRD MOU-02",Logitech,,,MK120,Others,Aktif,2018-01-01,"Rp 0","R. HRD/GA",,HRD,,2018-01-01,2018-01-01,,,tiar,"2025-09-10 11:41:37"
HW049,"HRD LA 01 PRINTER InkJet",Epson,,X3GW168770,L360,Printer,Aktif,2018-01-01,"Rp 0","R. HRD/GA",,HRD,,2018-01-01,2018-01-01,,,tiar,"2025-09-10 11:41:37"
HW050,"HRD TEL-01",Panasonic,,7IBKI006023,KX-TS505MX,Others,Aktif,2018-01-01,"Rp 0","R. HRD/GA",,HRD,,2018-01-01,2018-01-01,,,tiar,"2025-09-10 11:41:37"
HW051,"HRD LA Fingerprint Program",INTERACTIVE,,,,Printer,Aktif,2018-01-01,"Rp 0","R. HRD/GA",,HRD,,2018-01-01,2018-01-01,,,tiar,"2025-09-10 11:41:37"
HW052,"SOFTWARE Absensi",,,,,Others,Aktif,2018-01-01,"Rp 0",,,HRD,,2018-01-01,2018-01-01,,,tiar,"2025-09-10 11:41:37"
HW053,"DSN NUC-01",NUC,,,"intel i5 7400 3.5ghZ ram 8 nvidia geforce gt 1030 ssd 128",Komputer,Aktif,2018-01-01,"Rp 0","R. Desain",,Marketing,,2018-01-01,2018-01-01,,,tiar,"2025-09-10 11:41:37"
HW054,"DSN KEY-01",Logitech,,,MK120,Komputer,Aktif,2018-01-01,"Rp 0","R. Desain",,Marketing,,2018-01-01,2018-01-01,,,tiar,"2025-09-10 11:41:37"
HW055,"DSN MON-01",LG,,811INCN04323,"20M39H 19.5"" HDMI",Monitor,Aktif,2018-01-01,"Rp 0","R. Desain",,Marketing,,2018-01-01,2018-01-01,,,tiar,"2025-09-10 11:41:37"
HW056,"DSN MOU-01",Logitech,,,MK120,Others,Aktif,2018-01-01,"Rp 0","R. Desain",,Marketing,,2018-01-01,2018-01-01,,,tiar,"2025-09-10 11:41:37"
HW057,"DSN NUC-02",NUC,,,"intel i5 7400 3.5ghZ ram 8 nvidia geforce gt 1030 ssd 128",Komputer,Aktif,2018-01-01,"Rp 0","R. Desain",,Marketing,,2018-01-01,2018-01-01,,,tiar,"2025-09-10 11:41:37"
HW058,"DSN KEY-02",Logitech,,,MK120,Komputer,Aktif,2018-01-01,"Rp 0","R. Desain",,Marketing,,2018-01-01,2018-01-01,,,tiar,"2025-09-10 11:41:37"
HW059,"DSN MON-02",LG,,,"20M39H 19.5"" HDMI",Monitor,Aktif,2018-01-01,"Rp 0","R. Desain",,Marketing,,2018-01-01,2018-01-01,,,tiar,"2025-09-10 11:41:37"
HW060,"DSN MOU-02",Logitech,,,MK120,Others,Aktif,2018-01-01,"Rp 0","R. Desain",,Marketing,,2018-01-01,2018-01-01,,,tiar,"2025-09-10 11:41:37"
HW061,"SOFTWARE Desain Installed Program",,,,,Others,Aktif,2018-01-01,"Rp 0",,,Desain,,2018-01-01,2018-01-01,,,tiar,"2025-09-10 11:41:37"
HW062,"PRC NUC-01",Intel,,G6AY80400BM4,"NUC Kit NUC6CAYH
4GB RAM 128GB SSD",Komputer,Aktif,2019-01-01,"Rp 0","R. Staff 1 - Purchasing",,Purchasing,,2019-01-01,2019-01-01,,,tiar,"2025-09-10 11:41:37"
HW063,"PRC KEY-01",Logitech,,,MK120,Komputer,Aktif,2018-01-01,"Rp 0","R. Staff 1 - Purchasing",,Purchasing,,2018-01-01,2018-01-01,,,tiar,"2025-09-10 11:41:37"
HW064,"PRC MON-01",HP,,3CQ7501752,"18.5""",Monitor,Aktif,2018-01-01,"Rp 0","R. Staff 1 - Purchasing",,Purchasing,,2018-01-01,2018-01-01,,,tiar,"2025-09-10 11:41:37"
HW065,"PRC MOU-01",Logitech,,,MK120,Others,Aktif,2018-01-01,"Rp 0","R. Staff 1 - Purchasing",,Purchasing,,2018-01-01,2018-01-01,,,tiar,"2025-09-10 11:41:38"
HW066,"PRC PRINTER LX-310",Epson,,Q7FY374448,LX310,Printer,Aktif,2018-01-01,"Rp 0","R. Staff 1 - Purchasing",,Purchasing,,2018-01-01,2018-01-01,,,tiar,"2025-09-10 11:41:38"
HW067,"PRC SBY 01 SWITCH",Tenda,,E6061010745000092,"TEG 1008D 8-Port",Others,Aktif,2019-01-01,"Rp 0","Staff 1 - Purchasing",,Purchasing,,2019-01-01,2019-01-01,,,tiar,"2025-09-10 11:41:38"
HW068,"PRC PRINTER L3150",Epson,,X5DX079513,L3150,Printer,Aktif,2019-01-01,"Rp 0","R. Staff 1 - Purchasing",,Purchasing,,2019-01-01,2019-01-01,,,tiar,"2025-09-10 11:41:38"
HW069,"PRC TEL-01",Panasonic,,7IBKI994880,KX-TS505MX,Others,Aktif,2019-01-01,"Rp 0","R. Staff 1",,Purchasing,,2019-01-01,2019-01-01,,,tiar,"2025-09-10 11:41:38"
HW070,"UMUM Fotocopy Staff-SBY",Canon,,21RYZ06334,"IR 1435",Others,Aktif,2019-01-01,"Rp 0","R. Staff 1",,HRD,,2019-01-01,2019-01-01,,,tiar,"2025-09-10 11:41:38"
HW071,"LOG NUC-01",Intel,,G6AY84800CQS,"NUC Kit NUC6CAYH
4GB RAM 128GB SSD",Komputer,Aktif,2019-01-01,"Rp 0","Staff 1 - Logistik",,Logistik,,2019-01-01,2019-01-01,,,tiar,"2025-09-10 11:41:38"
HW072,"LOG KEY-01",Logitech,,,MK120,Komputer,Aktif,2019-01-01,"Rp 0","Staff 1 - Logistik",,Logistik,,2019-01-01,2019-01-01,,,tiar,"2025-09-10 11:41:38"
HW073,"LOG MON-01",LG,,811INCN04323,"20M39H 19.5"" HDMI",Monitor,Aktif,2019-01-01,"Rp 0","Staff 1 - Logistik",,Logistik,,2019-01-01,2019-01-01,,,tiar,"2025-09-10 11:41:38"
HW074,"LOG MOU-01",Logitech,,,MK120,Others,Aktif,2019-01-01,"Rp 0","Staff 1 - Logistik",,Logistik,,2019-01-01,2019-01-01,,,tiar,"2025-09-10 11:41:38"
HW075,"LOG NUC-02",Intel,,G6AY84900CA5,"NUC Kit NUC6CAYH
4GB RAM 128GB SSD",Komputer,Aktif,2019-01-01,"Rp 0","Staff 1 - Logistik",,Logistik,,2019-01-01,2019-01-01,,,tiar,"2025-09-10 11:41:38"
HW076,"LOG KEY-02",Logitech,,,MK120,Komputer,Aktif,2018-01-01,"Rp 0","Staff 1 - Logistik",,Logistik,,2018-01-01,2018-01-01,,,tiar,"2025-09-10 11:41:38"
HW077,"LOG MON-02",HP,,3CQ8022KN6,"V194 18.5""",Monitor,Aktif,2018-01-01,"Rp 0","Staff 1 - Logistik",,Logistik,,2018-01-01,2018-01-01,,,tiar,"2025-09-10 11:41:38"
HW078,"LOG MOU-02",Logitech,,,MK120,Others,Aktif,2018-01-01,"Rp 0","Staff 1 - Logistik",,Logistik,,2018-01-01,2018-01-01,,,tiar,"2025-09-10 11:41:38"
HW079,"LOG NUC-03",Intel,,G6AY84400PL5,"NUC Kit NUC6CAYH
4GB RAM 128GB SSD",Komputer,Aktif,2019-01-01,"Rp 0","Staff 1 - Logistik",,Logistik,,2019-01-01,2019-01-01,,,tiar,"2025-09-10 11:41:38"
HW080,"LOG KEY-03",Logitech,,,MK120,Komputer,Aktif,2018-01-01,"Rp 0","Staff 1 - Logistik",,Logistik,,2018-01-01,2018-01-01,,,tiar,"2025-09-10 11:41:38"
HW081,"LOG MON-03",HP,,,"V194 18.5""",Monitor,Aktif,2018-01-01,"Rp 0","Staff 1 - Logistik",,Logistik,,2018-01-01,2018-01-01,,,tiar,"2025-09-10 11:41:38"
HW082,"LOG MOU-03",Logitech,,,MK120,Others,Aktif,2018-01-01,"Rp 0","Staff 1 - Logistik",,Logistik,,2018-01-01,2018-01-01,,,tiar,"2025-09-10 11:41:38"
HW083,"LOG NUC-04",Intel,,G6AY81100AK5,"NUC Kit NUC6CAYH
4GB RAM 128GB SSD",Komputer,Aktif,2021-01-01,"Rp 0","Staff 1 - Logistik",,Logistik,,2021-01-01,2021-01-01,,,tiar,"2025-09-10 11:41:38"
HW084,"LOG KEY-04",Logitech,,,MK120,Komputer,Aktif,2021-01-01,"Rp 0","Staff 1 - Logistik",,Logistik,,2021-01-01,2021-01-01,,,tiar,"2025-09-10 11:41:38"
HW085,"LOG MON-04",LG,,,"20M39H 19.5"" HDMI",Monitor,Aktif,2021-01-01,"Rp 0","Staff 1 - Logistik",,Logistik,,2021-01-01,2021-01-01,,,tiar,"2025-09-10 11:41:38"
HW086,"LOG MOU-04",Logitech,,,MK120,Others,Aktif,2021-01-01,"Rp 0","Staff 1 - Logistik",,Logistik,,2021-01-01,2021-01-01,,,tiar,"2025-09-10 11:41:38"
HW087,"LOG TEL-01",Panasonic,,8DBKK132115,KX-TS505MX,Others,Aktif,2019-01-01,"Rp 0","Staff 1 - Logistik",,Logistik,,2019-01-01,2019-01-01,,,tiar,"2025-09-10 11:41:38"
HW088,"LOG TEL-02",Panasonic,,,KX-TS505MX,Others,Aktif,2019-01-01,"Rp 0","Staff 1 - Logistik",,Logistik,,2019-01-01,2019-01-01,,,tiar,"2025-09-10 11:41:38"
HW089,"SOFTWARE PABX",Panasonic,,8DBKK132112,KX-TS505MX,Others,Aktif,2019-01-01,"Rp 0",,,IT,,2019-01-01,2019-01-01,,,tiar,"2025-09-10 11:41:38"
HW090,"LOG NUC-05",Intel,,,"NUC Kit NUC6CAYH
4GB RAM 128GB SSD",Komputer,Aktif,2018-01-01,"Rp 0","Staff 1 - Logistik",,Logistik,,2018-01-01,2018-01-01,,,tiar,"2025-09-10 11:41:39"
HW091,"LOG MON-05",LG,,M773770474Z904,"20M39H 19.5"" HDMI",Monitor,Aktif,2019-01-01,"Rp 0","Staff 1 - Logistik",,Logistik,,2019-01-01,2019-01-01,,,tiar,"2025-09-10 11:41:39"
HW092,"LOG MOU-05",Logitech,,,MK120,Others,Aktif,2018-01-01,"Rp 0","Staff 1 - Logistik",,Logistik,,2018-01-01,2018-01-01,,,tiar,"2025-09-10 11:41:39"
HW093,"LOG KEY-05",Logitech,,,MK120,Komputer,Aktif,2019-01-01,"Rp 0","Staff 1 - Logistik",,Logistik,,2019-01-01,2019-01-01,,,tiar,"2025-09-10 11:41:39"
HW094,"LOG NUC-06",Intel,,,"NUC Kit NUC6CAYH
4GB RAM 128GB SSD",Komputer,Aktif,2018-01-01,"Rp 0","Staff 1 - Logistik",,Logistik,,2018-01-01,2018-01-01,,,tiar,"2025-09-10 11:41:39"
HW095,"LOG MON-06",LG,,,"20M39H 19.5"" HDMI",Monitor,Aktif,2019-01-01,"Rp 0","Staff 1 - Logistik",,Logistik,,2019-01-01,2019-01-01,,,tiar,"2025-09-10 11:41:39"
HW096,"LOG MOU-06",Logitech,,,MK120,Others,Aktif,2018-01-01,"Rp 0","Staff 1 - Logistik",,Logistik,,2018-01-01,2018-01-01,,,tiar,"2025-09-10 11:41:39"
HW097,"LOG KEY-06",Logitech,,,MK120,Komputer,Aktif,2019-01-01,"Rp 0","Staff 1 - Logistik",,Logistik,,2019-01-01,2019-01-01,,,tiar,"2025-09-10 11:41:39"
HW098,"LOG TEL-03",Panasonic,,8DBKK132115,KX-TS505MX,Others,Aktif,2019-01-01,"Rp 0","Staff 1 - Logistik",,Logistik,,2019-01-01,2019-01-01,,,tiar,"2025-09-10 11:41:39"
HW099,"LOG PRINT-DM 01",Epson,,,LX310,Printer,Aktif,2018-01-01,"Rp 0","Staff 1 - Logistik",,Logistik,,2018-01-01,2018-01-01,,,tiar,"2025-09-10 11:41:39"
HW100,"EXP INDICATOR JMB TMB",GSC,,1471631000,"80000 Kg",Others,Aktif,2018-01-01,"Rp 0","Staff 1 - Ekspedisi",,Ekspedisi,,2018-01-01,2018-01-01,,,tiar,"2025-09-10 11:41:39"
HW101,"EXP NUC-01",Intel,,G6AY80400B46,"NUC Kit NUC6CAYH
4GB RAM 128GB SSD",Komputer,Aktif,2019-01-01,"Rp 0","Staff 1 - Ekspedisi",,Ekspedisi,,2019-01-01,2019-01-01,,,tiar,"2025-09-10 11:41:39"
HW102,"EXP MON-01",LG,,,"20M39H 19.5"" HDMI",Monitor,Aktif,2019-01-01,"Rp 0","Staff 1 - Ekspedisi",,Ekspedisi,,2019-01-01,2019-01-01,,,tiar,"2025-09-10 11:41:39"
HW103,"EXP MOU-01",Logitech,,,MK120,Others,Aktif,2018-01-01,"Rp 0","Staff 1 - Ekspedisi",,Ekspedisi,,2018-01-01,2018-01-01,,,tiar,"2025-09-10 11:41:39"
HW104,"EXP KEY-01",Logitech,,,MK120,Komputer,Aktif,2019-01-01,"Rp 0","Staff 1 - Ekspedisi",,Ekspedisi,,2019-01-01,2019-01-01,,,tiar,"2025-09-10 11:41:39"
HW105,"EXP PRINTER LX-310",Epson,,Q7FY389470,LX310,Printer,Aktif,2018-01-01,"Rp 0","Staff 1 - Ekspedisi",,Ekspedisi,,2018-01-01,2018-01-01,,,tiar,"2025-09-10 11:41:39"
HW106,"EXP SWITCH 01",Tenda,,E6061010745000093,"TEG 1008D 8-Port",Others,Aktif,2019-01-01,"Rp 0","Staff 1 - Ekspedisi",,Ekspedisi,,2019-01-01,2019-01-01,,,tiar,"2025-09-10 11:41:39"
HW107,"EXP TEL-01",Panasonic,,7IBKI006021,KX-TS505MX,Others,Aktif,2019-01-01,"Rp 0","Staff 1 - Ekspedisi",,Ekspedisi,,2019-01-01,2019-01-01,,,tiar,"2025-09-10 11:41:39"
HW108,"EXP NUC-02",Intel,,G6AY80500ENB,"NUC Kit NUC6CAYH
4GB RAM 128GB SSD",Komputer,Aktif,2019-01-01,"Rp 0","Staff 1 - Ekspedisi",,Ekspedisi,,2019-01-01,2019-01-01,,,tiar,"2025-09-10 11:41:39"
HW109,"EXP MON-02",Intel,,,"core i3-4160 3.60 
2GB RAM",Komputer,Aktif,2019-01-01,"Rp 0","Staff 1 - Ekspedisi",,Ekspedisi,,2019-01-01,2019-01-01,,,tiar,"2025-09-10 11:41:39"
HW110,"EXP MOU-02",Logitech,,,MK120,Others,Aktif,2018-01-01,"Rp 0","Staff 1 - Ekspedisi",,Ekspedisi,,2018-01-01,2018-01-01,,,tiar,"2025-09-10 11:41:39"
HW111,"EXP KEY-02",Logitech,,,MK120,Komputer,Aktif,2018-01-01,"Rp 0","Staff 1 - Ekspedisi",,Ekspedisi,,2018-01-01,2018-01-01,,,tiar,"2025-09-10 11:41:39"
HW112,"IT NUC-01",Intel,,G6AY80400BYE,"NUC Kit NUC6CAYH
8GB RAM 128GB SSD",Komputer,Aktif,2018-01-01,"Rp 0","Staff 2 - IT",,IT,,2018-01-01,2018-01-01,,,tiar,"2025-09-10 11:41:39"
HW113,"IT KEY-01",Logitech,,,,Komputer,Aktif,2018-01-01,"Rp 0","Staff 2 - IT",,IT,,2018-01-01,2018-01-01,,,tiar,"2025-09-10 11:41:39"
HW114,"IT MON-01",HP,,3CQ750143L,"V194 18.5""",Monitor,Aktif,2018-01-01,"Rp 0","Staff 2 - IT",,IT,,2018-01-01,2018-01-01,,,tiar,"2025-09-10 11:41:39"
HW115,"IT MOU-01",Logitech,,,,Others,Aktif,2018-01-01,"Rp 0","Staff 2 - IT",,IT,,2018-01-01,2018-01-01,,,tiar,"2025-09-10 11:41:39"
HW116,"IT NUC-02",Intel,,G6AY84800CSC,"NUC Kit NUC6CAYH
4GB RAM 128GB SSD",Komputer,Aktif,2019-01-01,"Rp 0","Staff 2 - IT",,IT,,2019-01-01,2019-01-01,,,tiar,"2025-09-10 11:41:40"
HW117,"IT KEY-02",Logitech,,,,Komputer,Aktif,2018-01-01,"Rp 0","Staff 2 - IT",,IT,,2018-01-01,2018-01-01,,,tiar,"2025-09-10 11:41:40"
HW118,"IT MON-02",HP,,3CQ750143L,"V194 18.5""",Monitor,Aktif,2018-01-01,"Rp 0","Staff 2 - IT",,IT,,2018-01-01,2018-01-01,,,tiar,"2025-09-10 11:41:40"
HW119,"IT MOU-02",Logitech,,,,Others,Aktif,2018-01-01,"Rp 0","Staff 2 - IT",,IT,,2018-01-01,2018-01-01,,,tiar,"2025-09-10 11:41:40"
HW120,"IT LA 01 LAPTOP",DELL,,,,Laptop,Aktif,2018-01-01,"Rp 0","Staff 2 - IT",,IT,,2018-01-01,2018-01-01,,,tiar,"2025-09-10 11:41:40"
HW121,"IT SBY 01 SWITCH",Tenda,,,"16 Port",Others,Aktif,2018-01-01,"Rp 0","Staff 2 - IT",,IT,,2018-01-01,2018-01-01,,,tiar,"2025-09-10 11:41:40"
HW122,"SVR MON-01",LG,,M7737704750023,"20M39H 19.5"" HDMI",Monitor,Aktif,2019-01-01,"Rp 0","R. Server",,IT,,2019-01-01,2019-01-01,,,tiar,"2025-09-10 11:41:40"
HW123,"SVR MON-02",HP,,3CQ7501916,"V194 18.5""",Monitor,Aktif,2018-01-01,"Rp 0","R. Server",,IT,,2018-01-01,2018-01-01,,,tiar,"2025-09-10 11:41:40"
HW124,"SERVER UTAMA 1.250",Intel,,,HP,Server,Aktif,2019-01-01,"Rp 0","R. Server",,IT,,2019-01-01,2019-01-01,,,tiar,"2025-09-10 11:41:40"
HW125,"SERVER REMOTE 0.33",Intel,,,"NUC Kit NUC6CAYH
4GB RAM",Server,Aktif,2019-01-01,"Rp 0","R. Server",,IT,,2019-01-01,2019-01-01,,,tiar,"2025-09-10 11:41:40"
HW126,"SERVER REMOTE 0.40",Intel,,G6BN832009ZP,"NUC Kit NUC7i3BNH
RAM 4GB",Server,Aktif,2019-01-01,"Rp 0","R. Server",,IT,,2019-01-01,2019-01-01,,,tiar,"2025-09-10 11:41:40"
HW127,"SERVER LA Routerboard",Mikrotik,,A1C3095FAA5C,"5 Port",Network,Aktif,2019-01-01,"Rp 0","R. Server",,IT,,2019-01-01,2019-01-01,,,tiar,"2025-09-10 11:41:40"
HW128,"SERVER LA Routerboard",Mikrotik,,,"RB 3011 10Port",Server,Aktif,2019-01-01,"Rp 0","R. Server",,IT,,2019-01-01,2019-01-01,,,tiar,"2025-09-10 11:41:40"
HW129,"SERVER LA SWITCH",Tenda,,,"32 Port",Others,Aktif,2018-01-01,"Rp 0","Staff 2 - IT",,IT,,2018-01-01,2018-01-01,,,tiar,"2025-09-10 11:41:40"
HW130,"SOFTWARE Accounting Google Drive",Intel,,,"Core I3-4160
16GB RAM 500GB HDD",Others,Aktif,2018-01-01,"Rp 0",Accounting,,"Finance - Accounting",,2018-01-01,2018-01-01,,,tiar,"2025-09-10 11:41:40"
HW131,"SOFTWARE DGM Google Drive",,,,,Others,Aktif,2018-01-01,"Rp 0",,,IT,,2018-01-01,2018-01-01,,,tiar,"2025-09-10 11:41:40"
HW132,"SOFTWARE Expedisi Google Drive",,,,,Others,Aktif,2018-01-01,"Rp 0","Staff 1 - Ekspedisi",,Ekspedisi,,2018-01-01,2018-01-01,,,tiar,"2025-09-10 11:41:40"
HW133,"SOFTWARE Logistik Google Drive",,,,,Others,Aktif,2018-01-01,"Rp 0",,,Logistik,,2018-01-01,2018-01-01,,,tiar,"2025-09-10 11:41:40"
HW134,"SOFTWARE Marketing Google Drive",,,,,Others,Aktif,2018-01-01,"Rp 0","Staff 1 - Marketing",,Marketing,,2018-01-01,2018-01-01,,,tiar,"2025-09-10 11:41:40"
HW135,"SOFTWARE PPIC Google Drive",,,,,Others,Aktif,2018-01-01,"Rp 0",,,PPIC,,2018-01-01,2018-01-01,,,tiar,"2025-09-10 11:41:40"
HW136,"SOFTWARE Produksi Google Drive",,,,,Others,Aktif,2018-01-01,"Rp 0",,,Produksi,,2018-01-01,2018-01-01,,,tiar,"2025-09-10 11:41:40"
HW137,"SOFTWARE Purchasing Google Drive",,,,,Others,Aktif,2018-01-01,"Rp 0",,,Purchasing,,2018-01-01,2018-01-01,,,tiar,"2025-09-10 11:41:40"
HW138,"SOFTWARE Autocad",AUTOCAD,,,,Others,Aktif,2017-01-01,"Rp 0",,,MTC,,2017-01-01,2017-01-01,,,tiar,"2025-09-10 11:41:40"
HW139,"GM SBY 01 PRINTER",Epson,,X5DX134353,L3110,Printer,Aktif,2019-01-01,"Rp 0","R. Direktur",,Direktur,,2019-01-01,2019-01-01,,,tiar,"2025-09-10 11:41:40"
HW140,"CCTV LA - CAM 224_Load_Dalam",HIK,,,,Others,Aktif,2019-01-01,"Rp 0","Loading Gudang 1",,IT,,2019-01-01,2019-01-01,,,tiar,"2025-09-10 11:41:40"
HW141,"CCTV LA - CAM 203_Corr_SF",HIK,,,,Others,Aktif,2019-01-01,"Rp 0","G. Sheet",,IT,,2019-01-01,2019-01-01,,,tiar,"2025-09-10 11:41:40"
HW142,"CCTV LA - CAM 208_Corr_NC",HIK,,,,Others,Aktif,2019-01-01,"Rp 0","G. Sheet",,IT,,2019-01-01,2019-01-01,,,tiar,"2025-09-10 11:41:41"
HW143,"CCTV LA - CAM 207_Expedisi",HIK,,,,Others,Aktif,2019-01-01,"Rp 0","Loading Gudang 1",,Ekspedisi,,2019-01-01,2019-01-01,,,tiar,"2025-09-10 11:41:41"
HW144,"CCTV LA - CAM 204_Flexo",HIK,,,,Others,Aktif,2019-01-01,"Rp 0",Flexo,,IT,,2019-01-01,2019-01-01,,,tiar,"2025-09-10 11:41:41"
HW145,"CCTV LA - CAM 222_Gate_1",HIK,,,,Others,Aktif,2019-01-01,"Rp 0","Gate 1",,IT,,2019-01-01,2019-01-01,,,tiar,"2025-09-10 11:41:41"
HW146,"CCTV LA - CAM 223_Gate_2",HIK,,,,Others,Aktif,2019-01-01,"Rp 0","Gate 2",,IT,,2019-01-01,2019-01-01,,,tiar,"2025-09-10 11:41:41"
HW147,"CCTV LA - CAM 211_STB",HIK,,,,Others,Aktif,2019-01-01,"Rp 0","G. STB",,IT,,2019-01-01,2019-01-01,,,tiar,"2025-09-10 11:41:41"
HW148,"MARK NUC-01",Intel,,G6AY84800D4T,"NUC Kit NUC6CAYH
4GB RAM 128GB SSD",Komputer,Aktif,2019-01-01,"Rp 0","Staff 1 - Marketing",,Marketing,,2019-01-01,2019-01-01,,,tiar,"2025-09-10 11:41:41"
HW149,"MARK KEY-01",Logitech,,,MK120,Komputer,Aktif,2018-01-01,"Rp 0","Staff 1 - Marketing",,Marketing,,2018-01-01,2018-01-01,,,tiar,"2025-09-10 11:41:41"
HW150,"MARK MON-01",LG,,,"20M39H 19.5"" HDMI",Monitor,Aktif,2018-01-01,"Rp 0","Staff 1 - Marketing",,Marketing,,2018-01-01,2018-01-01,,,tiar,"2025-09-10 11:41:41"
HW151,"MARK MOU-01",Logitech,,,MK120,Others,Aktif,2018-01-01,"Rp 0","Staff 1 - Marketing",,Marketing,,2018-01-01,2018-01-01,,,tiar,"2025-09-10 11:41:41"
HW152,"MARK NUC-02",Intel,,G6AY84800D5M,"NUC Kit NUC6CAYH
4GB RAM 128GB SSD",Komputer,Aktif,2019-01-01,"Rp 0","Staff 1 - Marketing",,Marketing,,2019-01-01,2019-01-01,,,tiar,"2025-09-10 11:41:41"
HW153,"MARK KEY-02",Logitech,,,MK120,Komputer,Aktif,2018-01-01,"Rp 0","Staff 1 - Marketing",,Marketing,,2018-01-01,2018-01-01,,,tiar,"2025-09-10 11:41:41"
HW154,"MARK MON-02",LG,,,"20M39H 19.5"" HDMI",Monitor,Aktif,2018-01-01,"Rp 0","Staff 1 - Marketing",,Marketing,,2018-01-01,2018-01-01,,,tiar,"2025-09-10 11:41:41"
HW155,"MARK MOU-02",Logitech,,,MK120,Others,Aktif,2018-01-01,"Rp 0","Staff 1 - Marketing",,Marketing,,2018-01-01,2018-01-01,,,tiar,"2025-09-10 11:41:41"
HW156,"MARK NUC-03",Intel,,,"NUC Kit NUC6CAYH
4GB RAM 128GB SSD",Komputer,Aktif,2019-01-01,"Rp 0","Staff 1 - Marketing",,Marketing,,2019-01-01,2019-01-01,,,tiar,"2025-09-10 11:41:41"
HW157,"MARK KEY-03",Logitech,,,MK120,Komputer,Aktif,2018-01-01,"Rp 0","Staff 1 - Marketing",,Marketing,,2018-01-01,2018-01-01,,,tiar,"2025-09-10 11:41:41"
HW158,"MARK MON-03",LG,,,"20M39H 19.5"" HDMI",Monitor,Aktif,2018-01-01,"Rp 0","Staff 1 - Marketing",,Marketing,,2018-01-01,2018-01-01,,,tiar,"2025-09-10 11:41:41"
HW159,"MARK MOU-03",Logitech,,,MK120,Others,Aktif,2018-01-01,"Rp 0","Staff 1 - Marketing",,Marketing,,2018-01-01,2018-01-01,,,tiar,"2025-09-10 11:41:41"
HW160,"MARK NUC-04",Intel,,,"NUC Kit NUC6CAYH
4GB RAM 128GB SSD",Komputer,Aktif,2019-01-01,"Rp 0","Staff 1 - Marketing",,Marketing,,2019-01-01,2019-01-01,,,tiar,"2025-09-10 11:41:41"
HW161,"MARK KEY-04",Logitech,,,MK120,Komputer,Aktif,2018-01-01,"Rp 0","Staff 1 - Marketing",,Marketing,,2018-01-01,2018-01-01,,,tiar,"2025-09-10 11:41:41"
HW162,"MARK MON-04",Samsung,,,"409.8(H) x 230.4(V) HDMI",Monitor,Aktif,2018-01-01,"Rp 0","Staff 1 - Marketing",,Marketing,,2018-01-01,2018-01-01,,,tiar,"2025-09-10 11:41:41"
HW163,"MARK MOU-04",Logitech,,,MK120,Others,Aktif,2018-01-01,"Rp 0","Staff 1 - Marketing",,Marketing,,2018-01-01,2018-01-01,,,tiar,"2025-09-10 11:41:41"
HW164,"MARK NUC-05",Intel,,G6AY80500DH4,"NUC Kit NUC6CAYH
4GB RAM 128GB SSD",Komputer,Aktif,2021-01-01,"Rp 0","Staff 1 - Marketing",,Marketing,,2021-01-01,2021-01-01,,,tiar,"2025-09-10 11:41:41"
HW165,"MARK KEY-05",Logitech,,,MK120,Komputer,Aktif,2018-01-01,"Rp 0","Staff 1 - Marketing",,Marketing,,2018-01-01,2018-01-01,,,tiar,"2025-09-10 11:41:41"
HW166,"MARK MON-05",LG,,,"409.8(H) x 230.4(V) HDMI",Monitor,Aktif,2018-01-01,"Rp 0","Staff 1 - Marketing",,Marketing,,2018-01-01,2018-01-01,,,tiar,"2025-09-10 11:41:41"
HW167,"MARK MOU-05",Logitech,,,MK120,Others,Aktif,2018-01-01,"Rp 0","Staff 1 - Marketing",,Marketing,,2018-01-01,2018-01-01,,,tiar,"2025-09-10 11:41:41"
HW168,"MARK SBY 01 LAPTOP",LENOVO,,,"LENOVO FLEX 5 128 GB, AMD RYZEN 3, RAM 4 GB",Laptop,Aktif,2022-01-01,"Rp 0","Staff 1 - Marketing",,Marketing,,2022-01-01,2022-01-01,,,tiar,"2025-09-10 11:41:42"
HW169,"MARK PRINTER-INK 01",Epson,,X3GW476951,L3150,Printer,Aktif,2019-01-01,"Rp 0","Staff 1 - Marketing",,Marketing,,2019-01-01,2019-01-01,,,tiar,"2025-09-10 11:41:42"
HW170,"MARK SWITCH 01",Tenda,,,"16 Port",Others,Aktif,2018-01-01,"Rp 0","Staff 1 - Marketing",,Marketing,,2018-01-01,2018-01-01,,,tiar,"2025-09-10 11:41:42"
HW171,"MARK TEL-01",Panasonic,,7KCKJ045785,KX-TS505MX,Others,Aktif,2019-01-01,"Rp 0","Staff 1 - Marketing",,Marketing,,2019-01-01,2019-01-01,,,tiar,"2025-09-10 11:41:42"
HW172,"MTC LA Installed Program",,,,,Others,Aktif,2019-01-01,"Rp 0",,,MTC,,2019-01-01,2019-01-01,,,tiar,"2025-09-10 11:41:42"
HW173,"MTC KEY-01",Logitech,,,,Komputer,Aktif,2019-01-01,"Rp 0","R. Produksi",,MTC,,2019-01-01,2019-01-01,,,tiar,"2025-09-10 11:41:42"
HW174,"MTC MON-01",HP,,,"V194 18.5""",Monitor,Aktif,2018-01-01,"Rp 0","R. Produksi",,MTC,,2018-01-01,2018-01-01,,,tiar,"2025-09-10 11:41:42"
HW175,"MTC MOU-01",Logitech,,,,Others,Aktif,2019-01-01,"Rp 0","R. Produksi",,MTC,,2019-01-01,2019-01-01,,,tiar,"2025-09-10 11:41:42"
HW176,"NC-CUT KEY-01",Logitech,,,,Komputer,Aktif,2019-01-01,"Rp 0","R. NC",,Produksi,,2019-01-01,2019-01-01,,,tiar,"2025-09-10 11:41:42"
HW177,"NC-CUT MON-01",LG,,,"20M39H 19.5"" HDMI",Monitor,Aktif,2019-01-01,"Rp 0","R. NC",,Produksi,,2019-01-01,2019-01-01,,,tiar,"2025-09-10 11:41:42"
HW178,"NC-CUT KEY-02",Logitech,,,,Komputer,Aktif,2019-01-01,"Rp 0","R. NC",,Produksi,,2019-01-01,2019-01-01,,,tiar,"2025-09-10 11:41:42"
HW179,"NC-CUT MON-02",LG,,810INEW86572,"20M39H 19.5"" HDMI",Monitor,Aktif,2019-01-01,"Rp 0","R. NC",,Produksi,,2019-01-01,2019-01-01,,,tiar,"2025-09-10 11:41:42"
HW180,"NC-CUT MOU-2",Logitech,,,,Others,Aktif,2019-01-01,"Rp 0","R. NC",,Produksi,,2019-01-01,2019-01-01,,,tiar,"2025-09-10 11:41:42"
HW181,"DIR LA 01 SOFTWARE CCTV",IVMS,,,,Others,Aktif,2019-01-01,"Rp 0","R. Direktur",,IT,,2019-01-01,2019-01-01,,,tiar,"2025-09-10 11:41:42"
HW182,"PPIC NUC-01",Intel,,G6AY80500DH7,"NUC Kit NUC6CAYH
4GB RAM 128GB SSD",Komputer,Aktif,2019-01-01,"Rp 0","Staff 1 - PPIC",,PPIC,,2019-01-01,2019-01-01,,,tiar,"2025-09-10 11:41:42"
HW183,"PPIC KEY-01",Logitech,,,,Komputer,Aktif,2019-01-01,"Rp 0","Staff 1 - PPIC",,PPIC,,2019-01-01,2019-01-01,,,tiar,"2025-09-10 11:41:42"
HW184,"PPIC MON-01",Samsung,,ZZA8H4ZK101964F,LS19D300,Monitor,Aktif,2019-01-01,"Rp 0","Staff 1 - PPIC",,PPIC,,2019-01-01,2019-01-01,,,tiar,"2025-09-10 11:41:42"
HW185,"PPIC MOU-01",Logitech,,,,Others,Aktif,2019-01-01,"Rp 0","Staff 1 - PPIC",,PPIC,,2019-01-01,2019-01-01,,,tiar,"2025-09-10 11:41:42"
HW186,"PPIC NUC-02",Intel,,G6AY80500E34,"NUC Kit NUC6CAYH
4GB RAM 128GB SSD",Komputer,Aktif,2019-01-01,"Rp 0","Staff 1 - PPIC",,PPIC,,2019-01-01,2019-01-01,,,tiar,"2025-09-10 11:41:42"
HW187,"PPIC KEY-02",Logitech,,,,Komputer,Aktif,2019-01-01,"Rp 0","Staff 1 - PPIC",,PPIC,,2019-01-01,2019-01-01,,,tiar,"2025-09-10 11:41:42"
HW188,"PPIC MON-02",LG,,212INPT7Z848,"Flatron E1942",Monitor,Aktif,2019-01-01,"Rp 0","Staff 1 - PPIC",,PPIC,,2019-01-01,2019-01-01,,,tiar,"2025-09-10 11:41:42"
HW189,"PPIC MOU-02",Logitech,,,,Others,Aktif,2019-01-01,"Rp 0","Staff 1 - PPIC",,PPIC,,2019-01-01,2019-01-01,,,tiar,"2025-09-10 11:41:42"
HW190,"PPIC NUC-03",Intel,,,,Komputer,Aktif,2019-01-01,"Rp 0","Staff 1 - PPIC",,PPIC,,2019-01-01,2019-01-01,,,tiar,"2025-09-10 11:41:42"
HW191,"PPIC KEY-03",Logitech,,,,Komputer,Aktif,2019-01-01,"Rp 0","Staff 1 - PPIC",,PPIC,,2019-01-01,2019-01-01,,,tiar,"2025-09-10 11:41:42"
HW192,"PPIC MON-03",HP,,3CQ7501825,"V194 18.5""",Monitor,Aktif,2018-01-01,"Rp 0","Staff 1 - PPIC",,PPIC,,2018-01-01,2018-01-01,,,tiar,"2025-09-10 11:41:42"
HW193,"PPIC MOU-03",Logitech,,,,Others,Aktif,2019-01-01,"Rp 0","Staff 1 - PPIC",,PPIC,,2019-01-01,2019-01-01,,,tiar,"2025-09-10 11:41:42"
HW194,"PPIC LA 01 LAPTOP",LENOVO,,R912XAE4,"LENOVO FLEX 5 128 GB, AMD RYZEN 3, RAM 4 GB",Laptop,Aktif,2022-01-01,"Rp 0","Staff 1 - PPIC",,PPIC,,2022-01-01,2022-01-01,,,tiar,"2025-09-10 11:41:43"
HW195,"PPIC PRINTER-DM 01",Epson,,MK4Y053399,LQ-2190,Printer,Aktif,2018-01-01,"Rp 0","Staff 1 - PPIC",,PPIC,,2018-01-01,2018-01-01,,,tiar,"2025-09-10 11:41:43"
HW196,"PPIC PRINTER-Ink 02",Epson,,X5EM014625,L3150,Printer,Aktif,2019-01-01,"Rp 0","Staff 1 - PPIC",,PPIC,,2019-01-01,2019-01-01,,,tiar,"2025-09-10 11:41:43"
HW197,"PPIC TEL-01",Panasonic,,7IBKI994881,KX-TS505MX,Others,Aktif,2019-01-01,"Rp 0","Staff 1 - PPIC",,PPIC,,2019-01-01,2019-01-01,,,tiar,"2025-09-10 11:41:43"
HW198,"PPIC SWITCH-01",Tenda,,E6061010745000091,"TEG 1008D 8-Port",Others,Aktif,2019-01-01,"Rp 0","Staff 1 - PPIC",,PPIC,,2019-01-01,2019-01-01,,,tiar,"2025-09-10 11:41:43"
HW199,"CCTV LA - CAM 203_Corr_SF",HIK,,,,Others,Aktif,2019-01-01,"Rp 0","G. Sheet",,IT,,2019-01-01,2019-01-01,,,tiar,"2025-09-10 11:41:43"
HW200,"PROD NUC-01",Intel,,G6AY84800CZ3,"NUC Kit NUC6CAYH
4GB RAM 128GB SSD",Komputer,Aktif,2019-01-01,"Rp 0","R. Produksi",,Produksi,,2019-01-01,2019-01-01,,,tiar,"2025-09-10 11:41:43"
HW201,"PROD KEY-01",Logitech,,,,Komputer,Aktif,2019-01-01,"Rp 0","R. Produksi",,Produksi,,2019-01-01,2019-01-01,,,tiar,"2025-09-10 11:41:43"
HW202,"PROD MON-01",HP,,3CQ8011TM8,"V194 18.5""",Monitor,Aktif,2018-01-01,"Rp 0","R. Produksi",,Produksi,,2018-01-01,2018-01-01,,,tiar,"2025-09-10 11:41:43"
HW203,"PROD MOU-01",Logitech,,,,Others,Aktif,2019-01-01,"Rp 0","R. Produksi",,Produksi,,2019-01-01,2019-01-01,,,tiar,"2025-09-10 11:41:43"
HW204,"PROD TEL-01",Panasonic,,7IBKI006020,KX-TS505MX,Others,Aktif,2019-01-01,"Rp 0","R. Produksi",,Produksi,,2019-01-01,2019-01-01,,,tiar,"2025-09-10 11:41:43"
HW205,"PROD NUC-02",Intel,,G6AY84800CR1,"NUC Kit NUC6CAYH
4GB RAM 128GB SSD",Komputer,Aktif,2019-01-01,"Rp 0","R. Produksi",,Produksi,,2019-01-01,2019-01-01,,,tiar,"2025-09-10 11:41:43"
HW206,"PROD KEY-02",Logitech,,,,Komputer,Aktif,2019-01-01,"Rp 0","R. Produksi",,Produksi,,2019-01-01,2019-01-01,,,tiar,"2025-09-10 11:41:43"
HW207,"PROD MON-02",HP,,,,Monitor,Aktif,2018-01-01,"Rp 0","R. Produksi",,Produksi,,2018-01-01,2018-01-01,,,tiar,"2025-09-10 11:41:43"
HW208,"PROD MOU-02",Logitech,,,,Others,Aktif,2019-01-01,"Rp 0","R. Produksi",,Produksi,,2019-01-01,2019-01-01,,,tiar,"2025-09-10 11:41:43"
HW209,"PROD NUC-03",Intel,,G6AY84800C4G,"NUC Kit NUC6CAYH
4GB RAM 128GB SSD",Komputer,Aktif,2019-01-01,"Rp 0","R. Produksi",,Produksi,,2019-01-01,2019-01-01,,,tiar,"2025-09-10 11:41:43"
HW210,"PROD KEY-03",Logitech,,,,Komputer,Aktif,2019-01-01,"Rp 0","R. Produksi",,Produksi,,2019-01-01,2019-01-01,,,tiar,"2025-09-10 11:41:43"
HW211,"PROD MON-03",HP,,,,Monitor,Aktif,2018-01-01,"Rp 0","R. Produksi",,Produksi,,2018-01-01,2018-01-01,,,tiar,"2025-09-10 11:41:43"
HW212,"PROD MOU-03",Logitech,,,,Others,Aktif,2019-01-01,"Rp 0","R. Produksi",,Produksi,,2019-01-01,2019-01-01,,,tiar,"2025-09-10 11:41:43"
HW213,"PROD SIWTCB-01",Tenda,,E6061010745000099,"TEG 1008D 8-Port",Others,Aktif,2019-01-01,"Rp 0","R. Produksi",,Produksi,,2019-01-01,2019-01-01,,,tiar,"2025-09-10 11:41:43"
HW214,"QC NUC-01",Intel,,,,Komputer,Aktif,2019-01-01,"Rp 0","R. QC",,QC,,2019-01-01,2019-01-01,,,tiar,"2025-09-10 11:41:43"
HW215,"QC KEY-01",Logitech,,,,Komputer,Aktif,2019-01-01,"Rp 0","R. QC",,QC,,2019-01-01,2019-01-01,,,tiar,"2025-09-10 11:41:43"
HW216,"QC MON-01",LG,,,"20M39H 19.5"" HDMI",Monitor,Aktif,2019-01-01,"Rp 0","R. QC",,QC,,2019-01-01,2019-01-01,,,tiar,"2025-09-10 11:41:43"
HW217,"QC MOU-01",Logitech,,,,Others,Aktif,2019-01-01,"Rp 0","R. QC",,QC,,2019-01-01,2019-01-01,,,tiar,"2025-09-10 11:41:43"
HW218,"UPS SERVER LA 01",ICA,,,,Server,Aktif,2018-01-01,"Rp 0","R. Server",,IT,,2018-01-01,2018-01-01,,,tiar,"2025-09-10 11:41:43"
HW219,"UPS SERVER LA 02",ICA,,,,Server,Aktif,2018-01-01,"Rp 0","R. Server",,IT,,2018-01-01,2018-01-01,,,tiar,"2025-09-10 11:41:43"
HW220,"UPS EXPEDISI LA 03",ICA,,,,Others,Aktif,2018-01-01,"Rp 0","Staff 1 - Ekspedisi",,Ekspedisi,,2018-01-01,2018-01-01,,,tiar,"2025-09-10 11:41:44"
HW221,"SOFTWARE Teknik",,,,,Others,Aktif,2018-01-01,"Rp 0",,,Logistik,,2018-01-01,2018-01-01,,,tiar,"2025-09-10 11:41:44"
HW222,"SOFTWARE Master",,,,,Others,Aktif,2018-01-01,"Rp 0",,,IT,,2018-01-01,2018-01-01,,,tiar,"2025-09-10 11:41:44"
HW223,"PROGRAM Counter Flexo C",,,,,Others,Aktif,2018-01-01,"Rp 0",,,IT,,2018-01-01,2018-01-01,,,tiar,"2025-09-10 11:41:44"
HW224,"SOFTWARE LAIN-LAIN",,,,,Others,Aktif,2018-01-01,"Rp 0",,,IT,,2018-01-01,2018-01-01,,,tiar,"2025-09-10 11:41:44"
HW225,"SERVER Sharing 0.6","DESKTOP KOMPUTER",,,,Server,Aktif,2018-01-01,"Rp 0","R. Server",,IT,,2018-01-01,2018-01-01,,,tiar,"2025-09-10 11:41:44"
HW226,"SERVER ANYDESK 1.40","INTEL NUC",,,,Server,Aktif,2018-01-01,"Rp 0","R. Server",,IT,,2018-01-01,2018-01-01,,,tiar,"2025-09-10 11:41:44"
HW227,"DOMAIN SARANAPACKAGING.COM",,,,"100 MB",Others,Aktif,2018-01-01,"Rp 0",,,IT,,2018-01-01,2018-01-01,,,tiar,"2025-09-10 11:41:44"
HW228,"SOFTWARE BJ_Converting",,,,,Others,Aktif,2018-01-01,"Rp 0",,,Logistik,,2018-01-01,2018-01-01,,,tiar,"2025-09-10 11:41:44"
HW229,"SOFTWARE BP_Converting",,,,,Others,Aktif,2018-01-01,"Rp 0",,,Logistik,,2018-01-01,2018-01-01,,,tiar,"2025-09-10 11:41:44"
HW230,"SOFTWARE Finance Delphi",,,,,Others,Aktif,2018-01-01,"Rp 0",,,Finance,,2018-01-01,2018-01-01,,,tiar,"2025-09-10 11:41:44"
HW231,"SOFTWARE Avalan",,,,,Others,Aktif,2018-01-01,"Rp 0",,,HRD,,2018-01-01,2018-01-01,,,tiar,"2025-09-10 11:41:44"
HW232,"SOFTWARE Stationary",,,,,Others,Aktif,2018-01-01,"Rp 0",,,HRD,,2018-01-01,2018-01-01,,,tiar,"2025-09-10 11:41:44"
HW233,"MI - SOFTWARE Gudang Teknik",,,,,Others,Aktif,2019-01-01,"Rp 0",,,Logistik,,2019-01-01,2019-01-01,,,tiar,"2025-09-10 11:41:44"
HW234,"CCTV LA - NVR 201",HIK,,,,Others,Aktif,2019-01-01,"Rp 0","R. Server",,IT,,2019-01-01,2019-01-01,,,tiar,"2025-09-10 11:41:44"
HW235,"CCTV LA - NVR 202",HIK,,,,Others,Aktif,2019-01-01,"Rp 0","R. Server",,IT,,2019-01-01,2019-01-01,,,tiar,"2025-09-10 11:41:44"
HW236,"SERVER LA SWITCH",Tenda,,,"32 Port",Others,Aktif,2018-01-01,"Rp 0","Staff 2 - IT",,IT,,2018-01-01,2018-01-01,,,tiar,"2025-09-10 11:41:44"
HW237,"SOFTWARE Accounting Google Drive",Intel,,,"Core I3-4160
16GB RAM 500GB HDD",Others,Aktif,2018-01-01,"Rp 0",Accounting,,"Finance - Accounting",,2018-01-01,2018-01-01,,,tiar,"2025-09-10 11:41:44"
HW238,"SOFTWARE WEB MAREKTING",WEB,,,,Others,Aktif,2022-01-01,"Rp 0",,,Marketing,,2022-01-01,2022-01-01,,,tiar,"2025-09-10 11:41:44"
HW239,"PRINTER L3210 MARKETING","EPSON L3210",,,,Printer,Aktif,2022-01-01,"Rp 0","Staff 1 - Marketing",,Marketing,,2022-01-01,2022-01-01,,,tiar,"2025-09-10 11:41:44"
HW240,"PRINTER L3210 PPIC","EPSON L3210",,CJ68503,"PRINTER INKJET",Printer,Aktif,2022-01-01,"Rp 0","Staff 1 - PPIC",,PPIC,,2022-01-01,2022-01-01,,,tiar,"2025-09-10 11:41:44"
HW241,"MARK NUC-06",,,,,Komputer,Aktif,2021-01-01,"Rp 0","Staff 1 - Marketing",,Marketing,,2021-01-01,2021-01-01,,,tiar,"2025-09-10 11:41:44"
HW242,"MARK KEY-06",,,,,Komputer,Aktif,2021-01-01,"Rp 0","Staff 1 - Marketing",,Marketing,,2021-01-01,2021-01-01,,,tiar,"2025-09-10 11:41:44"
HW243,"MARK MON-06",,,,,Monitor,Aktif,2021-01-01,"Rp 0","Staff 1 - Marketing",,Marketing,,2021-01-01,2021-01-01,,,tiar,"2025-09-10 11:41:44"
HW244,"MARK MOU-06",,,,,Others,Aktif,2021-01-01,"Rp 0","Staff 1 - Marketing",,Marketing,,2021-01-01,2021-01-01,,,tiar,"2025-09-10 11:41:44"
HW245,"STB NUC-03",,,,,Komputer,Aktif,2021-01-01,"Rp 0","G. STB",,Logistik,,2021-01-01,2021-01-01,,,tiar,"2025-09-10 11:41:44"
HW246,"STB KEY-03",,,,,Komputer,Aktif,2021-01-01,"Rp 0","G. STB",,Logistik,,2021-01-01,2021-01-01,,,tiar,"2025-09-10 11:41:45"
HW247,"STB MON-03",,,,,Monitor,Aktif,2021-01-01,"Rp 0","G. STB",,Logistik,,2021-01-01,2021-01-01,,,tiar,"2025-09-10 11:41:45"
HW248,"STB MOU-03",,,,,Others,Aktif,2021-01-01,"Rp 0","G. STB",,Logistik,,2021-01-01,2021-01-01,,,tiar,"2025-09-10 11:41:45"
HW249,PPIC-PRINTER-LQ2190,EPSON,,LQ239499,,Printer,Aktif,2021-01-01,"Rp 0","Staff 1 - PPIC",,PPIC,,2021-01-01,2021-01-01,,,tiar,"2025-09-10 11:41:45"
HW250,"PROD PRINTER L3210",EPSON,,,,Printer,Aktif,2022-01-01,"Rp 0","R. Produksi",,Produksi,,2022-01-01,2022-01-01,,,tiar,"2025-09-10 11:41:45"
HW251,"DSN PRINTER-L1300",EPSON,,,,Printer,Aktif,2021-01-01,"Rp 0","R. Desain",,Marketing,,2021-01-01,2021-01-01,,,tiar,"2025-09-10 11:41:45"
HW252,"QC NUC-02",,,,,Komputer,Aktif,2019-01-01,"Rp 0","R. QC",,QC,,2019-01-01,2019-01-01,,,tiar,"2025-09-10 11:41:45"
HW253,"QC KEY-02",,,,,Komputer,Aktif,2019-01-01,"Rp 0","R. QC",,QC,,2019-01-01,2019-01-01,,,tiar,"2025-09-10 11:41:45"
HW254,"QC MON-02",,,,,Monitor,Aktif,2019-01-01,"Rp 0","R. QC",,QC,,2019-01-01,2019-01-01,,,tiar,"2025-09-10 11:41:45"
HW255,"QC MOU-02",,,,,Others,Aktif,2019-01-01,"Rp 0","R. QC",,QC,,2019-01-01,2019-01-01,,,tiar,"2025-09-10 11:41:45"
HW256,"QC PRINTER L3150",,,,,Printer,Aktif,2019-01-01,"Rp 0","R. QC",,QC,,2019-01-01,2019-01-01,,,tiar,"2025-09-10 11:41:45"
HW257,"PRINTER L1250 PURC","EPSON L1250",,,,Printer,Aktif,2022-01-01,"Rp 0","Staff 1 - Purchasing",,Purchasing,,2022-01-01,2022-01-01,,,tiar,"2025-09-10 11:41:45"
HW258,"MTC LA-LAPTOP",ASUS,,,,Laptop,Aktif,2022-01-01,"Rp 0","R. Produksi",,MTC,,2022-01-01,2022-01-01,,,tiar,"2025-09-10 11:41:45"
HW259,"MARK KEY-06",Logitech,,,,Komputer,Aktif,2023-01-01,"Rp 0","Staff 1 - Marketing",,Marketing,,2023-01-01,2023-01-01,,,tiar,"2025-09-10 11:41:45"
HW260,"MTC CPU-01",Intel,,G6AY80500DH7,,Komputer,Aktif,2023-01-01,"Rp 0","R. Produksi",,MTC,,2023-01-01,2023-01-01,,,tiar,"2025-09-10 11:41:45"
HW261,"MARK MON-06",LG,,,,Monitor,Aktif,2023-01-01,"Rp 0","Staff 1 - Marketing",,Marketing,,2023-01-01,2023-01-01,,,tiar,"2025-09-10 11:41:45"
HW262,"MTC KEY-01",Logitech,,,,Komputer,Aktif,2023-01-01,"Rp 0","R. Produksi",,MTC,,2023-01-01,2023-01-01,,,tiar,"2025-09-10 11:41:45"
HW263,"MARK MOU-06",Logitech,,,,Others,Aktif,2023-01-01,"Rp 0","Staff 1 - Marketing",,Marketing,,2023-01-01,2023-01-01,,,tiar,"2025-09-10 11:41:45"
HW264,"MTC MON-01",Samsung,,ZZA8H4ZK101964F,,Monitor,Aktif,2023-01-01,"Rp 0","R. Produksi",,MTC,,2023-01-01,2023-01-01,,,tiar,"2025-09-10 11:41:45"
HW265,"MTC MOU-01",Logitech,,,,Others,Aktif,2023-01-01,"Rp 0","R. Produksi",,MTC,,2023-01-01,2023-01-01,,,tiar,"2025-09-10 11:41:45"
HW266,"PROD MON-04",LG,,310TOAG1W408,"LG MONITOR 22MR410",Monitor,Aktif,2024-01-01,"Rp 0","R. Produksi",,Produksi,,2024-01-01,2024-01-01,,,tiar,"2025-09-10 11:41:45"
HW267,"PROD LAPTOP-01",ASUS,,,"ASUS Vivobook 14X M1403QA-OLEDS552 AMD RYZEN 5, RAM 16GB, SSD 512GB",Laptop,Aktif,2024-01-01,"Rp 0","R. Produksi",,Produksi,,2024-01-01,2024-01-01,,,tiar,"2025-09-10 11:41:45"
HW268,"PROD MON-05",LG,,404INXJAB626,"LG MONITOR 20MK400",Monitor,Aktif,2024-01-01,"Rp 0","R. Produksi",,Produksi,,2024-01-01,2024-01-01,,,tiar,"2025-09-10 11:41:45"
HW269,"PROD CPU-04",Intel,,,,Komputer,Aktif,2024-01-01,"Rp 0","R. Produksi",,Produksi,,2024-01-01,2024-01-01,,,tiar,"2025-09-10 11:41:45"
HW270,"PROD MOU-04",Logitech,,,,Others,Aktif,2024-01-01,"Rp 0","R. Produksi",,Produksi,,2024-01-01,2024-01-01,,,tiar,"2025-09-10 11:41:45"
HW271,"PROD MOU-05",Logitech,,,,Others,Aktif,2024-01-01,"Rp 0","R. Produksi",,Produksi,,2024-01-01,2024-01-01,,,tiar,"2025-09-10 11:41:45"
HW272,"PROD MON-06",LG,,111IMHZ7M321,"LG MONITOR 20MK400",Monitor,Aktif,2024-01-01,"Rp 0","R. Produksi",,Produksi,,2024-01-01,2024-01-01,,,tiar,"2025-09-10 11:41:45"
HW273,"PROD SWITCH-02",Tenda,,,"TP-LINK LS1005",Others,Aktif,2024-01-01,"Rp 0","R. Produksi",,Produksi,,2024-01-01,2024-01-01,,,tiar,"2025-09-10 11:41:46"
HW274,"PROD MON-07",LG,,404INUBAB694,"LG MONITOR 20MK400",Monitor,Aktif,2024-01-01,"Rp 0","R. Produksi",,Produksi,,2024-01-01,2024-01-01,,,tiar,"2025-09-10 11:41:46"
HW275,"PROD SWITCH-03",Tenda,,,"TP-LINK LS1005",Others,Aktif,2024-01-01,"Rp 0","R. Produksi",,Produksi,,2024-01-01,2024-01-01,,,tiar,"2025-09-10 11:41:46"
HW276,"PROD MOU-06",Logitech,,,,Others,Aktif,2024-01-01,"Rp 0","R. Produksi",,Produksi,,2024-01-01,2024-01-01,,,tiar,"2025-09-10 11:41:46"
HW277,"PROD SWITCH-04",Tenda,,,"TP-LINK LS1006",Others,Aktif,2024-01-01,"Rp 0","R. Produksi",,Produksi,,2024-01-01,2024-01-01,,,tiar,"2025-09-10 11:41:46"
HW278,"PROD MOU-07",Logitech,,,,Others,Aktif,2024-01-01,"Rp 0","R. Produksi",,Produksi,,2024-01-01,2024-01-01,,,tiar,"2025-09-10 11:41:46"
HW279,"PROD MON-08",LG,,404INGDUH633,"LG MONITOR 20MK400",Monitor,Aktif,2024-01-01,"Rp 0","R. Produksi",,Produksi,,2024-01-01,2024-01-01,,,tiar,"2025-09-10 11:41:46"
HW280,"PROD MON-11",LG,,404INGDUH635,"LG MONITOR 20MK400",Monitor,Aktif,2024-01-01,"Rp 0","R. Produksi",,Produksi,,2024-01-01,2024-01-01,,,tiar,"2025-09-10 11:41:46"
HW281,"PROD MOU-08",Logitech,,,,Others,Aktif,2024-01-01,"Rp 0","R. Produksi",,Produksi,,2024-01-01,2024-01-01,,,tiar,"2025-09-10 11:41:46"
HW282,"PROD MON-09",LG,,404INGDUH633,"LG MONITOR 20MK400",Monitor,Aktif,2024-01-01,"Rp 0","R. Produksi",,Produksi,,2024-01-01,2024-01-01,,,tiar,"2025-09-10 11:41:46"
HW283,"PROD MON-10",LG,,404INGDUH634,"LG MONITOR 20MK400",Monitor,Aktif,2024-01-01,"Rp 0","R. Produksi",,Produksi,,2024-01-01,2024-01-01,,,tiar,"2025-09-10 11:41:46"
HW284,DSN-PRINTER-L1250,EPSON,,,,Printer,Aktif,2024-01-01,"Rp 0","R. Desain",,Marketing,,2024-01-01,2024-01-01,,,tiar,"2025-09-10 11:41:46"
HW285,LOG-MON-07,LG,,404INRCEA694,"LG MONITOR LED 19M38H 19 INCH",Monitor,Aktif,2024-01-01,"Rp 0","Staff 1 - Logistik",,Logistik,,2024-01-01,2024-01-01,,,tiar,"2025-09-10 11:41:46"
HW286,MKT-PRINTER-JET,HP,,,"HP SMART TANK 750 SERIES",Printer,Aktif,2024-01-01,"Rp 0","R. Staff - Marketing",,Marketing,,2024-01-01,2024-01-01,,,tiar,"2025-09-10 11:41:46"
HW287,"PROD CPU-05",Intel,,,"Intel Core I3-10105, RAM 8GB, SSD 128GB",Komputer,Aktif,2024-01-01,"Rp 0","R. Produksi",,Produksi,,2024-01-01,2024-01-01,,,tiar,"2025-09-10 11:41:46"
HW288,"HRD NUC-03",INTEL,,,,Komputer,Aktif,2024-01-01,"Rp 0","R. HRD/GA",,HRD,,2024-01-01,2024-01-01,,,tiar,"2025-09-10 11:41:46"
HW289,"HRD MON-03",LG,,,,Monitor,Aktif,2024-01-01,"Rp 0","R. HRD/GA",,HRD,,2024-01-01,2024-01-01,,,tiar,"2025-09-10 11:41:46"
HW290,"HRD KEY-03",Logitech,,,,Komputer,Aktif,2024-01-01,"Rp 0","R. HRD/GA",,HRD,,2024-01-01,2024-01-01,,,tiar,"2025-09-10 11:41:46"
HW291,"HRD MOU-03",Logitech,,,,Others,Aktif,2024-01-01,"Rp 0","R. HRD/GA",,HRD,,2024-01-01,2024-01-01,,,tiar,"2025-09-10 11:41:46"
HW292,"MARK CPU-06",Intel,,,"NUC Kit NUC11PAHI30202
8GB RAM 128GB SSD",Komputer,Aktif,2024-01-01,"Rp 0","Staff 1 - Marketing",,Marketing,,2024-01-01,2024-01-01,,,tiar,"2025-09-10 11:41:46"
HW293,"CCTV LA - CAM 212_GedungBaru1",HIK,,,"IP CAMERA HIK DS-2CD1021G0-IR CAMERA",Others,Aktif,2025-01-01,"Rp 0","G. Baru",,IT,,2025-01-01,2025-01-01,,,tiar,"2025-09-10 11:41:46"
HW294,"CCTV LA - CAM 214_GedungBaru2",HIK,,,"IP CAMERA HIK DS-2CD1021G0-IR CAMERA",Others,Aktif,2025-01-01,"Rp 0","G. Baru",,IT,,2025-01-01,2025-01-01,,,tiar,"2025-09-10 11:41:46"
HW295,"CCTV LA - CAM 218_GedungBaru3",HIK,,,"IP CAMERA HIK DS-2CD1021G0-IR CAMERA",Others,Aktif,2025-01-01,"Rp 0","G. Baru",,IT,,2025-01-01,2025-01-01,,,tiar,"2025-09-10 11:41:46"
HW296,"CCTV LA - CAM 217_GedungBaru4",HIK,,,"IP CAMERA HIK DS-2CD1021G0-IR CAMERA",Others,Aktif,2025-01-01,"Rp 0","G. Baru",,IT,,2025-01-01,2025-01-01,,,tiar,"2025-09-10 11:41:46"
HW297,"CCTV LA - CAM 216_GedungBaru5",HIK,,,"IP CAMERA HIK DS-2CD1021G0-IR CAMERA",Others,Aktif,2025-01-01,"Rp 0","G. Baru",,IT,,2025-01-01,2025-01-01,,,tiar,"2025-09-10 11:41:46"
HW298,"CCTV LA - CAM 213_GedungBaru6",HIK,,,"IP CAMERA HIK DS-2CD1021G0-IR CAMERA",Others,Aktif,2025-01-01,"Rp 0","G. Baru",,IT,,2025-01-01,2025-01-01,,,tiar,"2025-09-10 11:41:46"
